{"rev":[1,0],"vid":2508020,"id":{"mdns":"wled-apotheker","name":"Apotheker","inv":"Light","sui":false},"nw":{"espnow":false,"linked_remote":"","ins":[{"ssid":"Hier regiert der BVB!","pskl":20,"ip":[0,0,0,0],"gw":[0,0,0,0],"sn":[255,255,255,0]}],"dns":[8,8,8,8]},"ap":{"ssid":"WLED-APOTHEKER","pskl":8,"chan":1,"hide":0,"behav":0,"ip":[4,3,2,1]},"wifi":{"sleep":false,"phy":false},"hw":{"led":{"total":61,"maxpwr":10000,"ledma":0,"cct":false,"cr":false,"ic":false,"cb":0,"fps":42,"rgbwm":255,"ld":false,"ins":[{"start":0,"len":61,"pin":[2],"order":34,"rev":false,"skip":0,"type":30,"ref":false,"rgbwm":2,"freq":0,"maxpwr":10000,"ledma":55}]},"com":[],"btn":{"max":2,"pull":true,"ins":[{"type":2,"pin":[0],"macros":[0,0,0]},{"type":0,"pin":[-1],"macros":[0,0,0]}],"tt":32,"mqtt":false},"ir":{"pin":4,"type":4,"sel":true},"relay":{"pin":12,"rev":false,"odrain":false},"baud":1152,"if":{"i2c-pin":[-1,-1],"spi-pin":[-1,-1,-1]}},"light":{"scale-bri":100,"pal-mode":0,"aseg":false,"gc":{"bri":1,"col":2.8,"val":2.8},"tr":{"mode":true,"fx":true,"dur":7,"pal":false,"rpc":5,"hrp":true},"nl":{"mode":1,"dur":60,"tbri":0,"macro":0}},"def":{"ps":2,"on":true,"bri":128},"if":{"sync":{"port0":21324,"port1":65506,"espnow":false,"recv":{"bri":false,"col":false,"fx":false,"pal":false,"grp":0,"seg":false,"sb":false},"send":{"en":true,"dir":true,"btn":true,"va":false,"hue":true,"grp":128,"ret":2}},"nodes":{"list":true,"bcast":true},"live":{"en":false,"mso":false,"rlm":true,"port":5568,"mc":false,"dmx":{"uni":1,"seqskip":false,"e131prio":0,"addr":1,"dss":0,"mode":4},"timeout":25,"maxbri":false,"no-gc":true,"offset":0},"va":{"alexa":false,"macros":[0,0],"p":0},"mqtt":{"en":true,"broker":"homeassistant","port":1883,"user":"mqtt","pskl":9,"cid":"wled-apotheker","rtn":false,"topics":{"device":"wled/apotheker","group":"wled/kueche"}},"hue":{"en":false,"id":1,"iv":25,"recv":{"on":true,"bri":true,"col":true},"ip":[192,168,178,0]},"ntp":{"en":false,"host":"0.wled.pool.ntp.org","tz":0,"offset":0,"ampm":false,"ln":0,"lt":0}},"ol":{"clock":0,"cntdwn":false,"min":0,"max":29,"o12pix":0,"o5m":false,"osec":false,"osb":false},"timers":{"cntdwn":{"goal":[20,1,1,0,0,0],"macro":0},"ins":[]},"ota":{"lock":false,"lock-wifi":false,"pskl":7,"aota":true},"um":{}}